거래일,종목코드,종목명,시장구분,시가,고가,저가,종가,거래량
20250319,005930,삼성전자,KOSPI,57400,59200,57400,58500,29421759
20250319,000660,SK하이닉스,KOSPI,202000,209500,201000,205500,3102000
20250319,373220,LG에너지솔루션,KOSPI,326000,333000,325000,330500,251845
20250319,207940,삼성바이오로직스,KOSPI,1091000,1102000,1075000,1079000,39165
20250319,005380,현대차,KOSPI,201000,204000,199000,204000,520541
20250319,068270,셀트리온,KOSPI,187300,189000,186900,187200,317459
20250319,005935,삼성전자우,KOSPI,48000,49000,47800,48600,1978492
20250319,000270,기아,KOSPI,96500,97200,95500,97100,1094424
20250319,012450,한화에어로스페이스,KOSPI,771000,774000,746000,756000,390302
20250319,035420,NAVER,KOSPI,208000,211500,207500,208000,710932
20250319,105560,KB금융,KOSPI,80800,81700,80400,81200,907656
20250319,329180,HD현대중공업,KOSPI,316500,319000,309000,311000,236502
20250319,005490,POSCO홀딩스,KOSPI,305000,318000,305000,312500,436098
20250319,012330,현대모비스,KOSPI,264000,272000,263500,270000,342647
20250319,042660,한화오션,KOSPI,82900,84300,79750,80100,5717348
20250319,055550,신한지주,KOSPI,46550,47500,46500,47250,988729
20250319,138040,메리츠금융지주,KOSPI,119000,120400,118500,120100,204272
20250319,028260,삼성물산,KOSPI,122300,124200,122300,123200,162004
20250319,035720,카카오,KOSPI,44000,44375,43100,43300,1642570
20250319,000810,삼성화재,KOSPI,394500,398000,393000,397500,84233
20250319,096770,SK이노베이션,KOSPI,126100,128300,123300,124600,316698
20250319,086790,하나금융지주,KOSPI,61500,62200,61200,62000,626136
20250319,011200,HMM,KOSPI,20850,20900,20000,20000,2390038
20250319,010130,고려아연,KOSPI,882000,891000,820000,827000,45865
20250319,051910,LG화학,KOSPI,237000,251500,236500,242000,611502
20250319,032830,삼성생명,KOSPI,84100,85700,83900,85300,238416
20250319,034020,두산에너빌리티,KOSPI,26050,27400,26000,26600,15416506
20250319,259960,크래프톤,KOSPI,351000,356000,344000,348000,162501
20250319,009540,HD한국조선해양,KOSPI,221000,223000,217500,219000,218004
20250319,015760,한국전력,KOSPI,21800,22000,21650,21850,1020319
20250319,066570,LG전자,KOSPI,81600,82400,81100,81900,574156
20250319,010140,삼성중공업,KOSPI,15480,15840,15120,15210,17296217
20250319,006400,삼성SDI,KOSPI,190500,195000,190500,191900,773601
20250319,030200,KT,KOSPI,49800,50900,49700,50700,498981
20250319,402340,SK스퀘어,KOSPI,92800,96850,91400,94700,246360
20250319,024110,기업은행,KOSPI,15810,15840,15700,15800,1220495
20250319,267260,HD현대일렉트릭,KOSPI,356000,362000,346000,346000,208321
20250319,316140,우리금융지주,KOSPI,16580,16740,16550,16680,1600855
20250319,064350,현대로템,KOSPI,112800,116800,110000,112500,2273077
20250319,017670,SK텔레콤,KOSPI,56000,56700,55800,56700,482354
20250319,033780,KT&G,KOSPI,97400,98300,96800,97500,225467
20250319,323410,카카오뱅크,KOSPI,23300,23750,23300,23650,359084
20250319,003550,LG,KOSPI,69000,71300,69000,70200,460270
20250319,003670,포스코퓨처엠,KOSPI,136900,146200,136200,142200,425808
20250319,009150,삼성전기,KOSPI,136600,138800,136400,138000,156085
20250319,000100,유한양행,KOSPI,126700,128500,126100,127800,563585
20250319,034730,SK,KOSPI,137600,139400,137500,138400,124155
20250319,047050,포스코인터내셔널,KOSPI,56500,57600,55600,56600,1014974
20250319,352820,하이브,KOSPI,228500,236500,228500,234000,152224
20250319,018260,삼성에스디에스,KOSPI,122000,123300,121000,122100,96307
20250319,086280,현대글로비스,KOSPI,121400,122500,120000,120300,170923
20250319,047810,한국항공우주,KOSPI,86700,91600,86600,88600,3830778
20250319,042700,한미반도체,KOSPI,88600,90700,87800,88500,597616
20250319,003490,대한항공,KOSPI,22700,22800,22600,22750,940872
20250319,326030,SK바이오팜,KOSPI,105900,108300,105800,106100,127252
20250319,272210,한화시스템,KOSPI,42150,43400,40950,42250,11972267
20250319,005830,DB손해보험,KOSPI,97600,98700,97100,98600,174300
20250319,003230,삼양식품,KOSPI,931000,958000,918000,921000,75091
20250319,443060,HD현대마린솔루션,KOSPI,153500,156400,149100,149100,131291
20250319,010950,S-Oil,KOSPI,58400,58500,57900,58300,144764
20250319,090430,아모레퍼시픽,KOSPI,112100,112300,110300,110700,249650
20250319,010120,LS ELECTRIC,KOSPI,213000,219000,209500,209500,463707
20250319,079550,LIG넥스원,KOSPI,283500,289000,276500,283500,379261
20250319,021240,코웨이,KOSPI,84400,85900,84300,84600,107161
20250319,267250,HD현대,KOSPI,76300,77100,75800,76300,110012
20250319,180640,한진칼,KOSPI,84900,85700,82500,83300,57976
20250319,005387,현대차2우B,KOSPI,151700,155500,151300,155400,90632
20250319,006800,미래에셋증권,KOSPI,9870,9940,9630,9700,755680
20250319,000150,두산,KOSPI,343000,343500,319000,321000,205041
20250319,088980,맥쿼리인프라,KOSPI,10990,11030,10940,10980,553508
20250319,161390,한국타이어앤테크놀로지,KOSPI,40500,42300,40300,41750,513215
20250319,064400,LG씨엔에스,KOSPI,52000,53400,51800,52800,851039
20250319,029780,삼성카드,KOSPI,43350,43950,43300,43900,64821
20250319,051900,LG생활건강,KOSPI,324000,328000,322500,325500,24676
20250319,450080,에코프로머티,KOSPI,71900,73400,71600,71900,432872
20250319,005940,NH투자증권,KOSPI,15210,15270,14990,15010,506250
20250319,241560,두산밥캣,KOSPI,50100,51750,50000,50900,233803
20250319,011790,SKC,KOSPI,128000,131200,126100,126200,301639
20250319,032640,LG유플러스,KOSPI,10870,10920,10810,10860,560142
20250319,271560,오리온,KOSPI,114900,123500,113500,118300,623363
20250319,034220,LG디스플레이,KOSPI,9140,9230,9140,9200,1108820
20250319,377300,카카오페이,KOSPI,32600,33050,32300,32400,168476
20250319,298040,효성중공업,KOSPI,476000,480000,459000,461000,59316
20250319,010620,HD현대미포,KOSPI,108800,109250,106000,107500,255026
20250319,022100,포스코DX,KOSPI,27850,29300,27800,28100,5462694
20250319,071050,한국금융지주,KOSPI,76200,76900,75500,76500,118358
20250319,016360,삼성증권,KOSPI,46100,46550,45950,46300,130395
20250319,097950,CJ제일제당,KOSPI,254000,266000,253500,265000,118202
20250319,028050,삼성E&A,KOSPI,20500,20650,19900,20050,1827389
20250319,454910,두산로보틱스,KOSPI,61100,61400,60200,60400,244446
20250319,004020,현대제철,KOSPI,29400,29450,28400,28650,698341
20250319,006260,LS,KOSPI,121200,122700,117800,118000,420890
20250319,011070,LG이노텍,KOSPI,157100,160600,157100,159600,135502
20250319,000720,현대건설,KOSPI,33750,34200,33700,33800,537446
20250319,001040,CJ,KOSPI,127600,133000,122900,127300,246943
20250319,009830,한화솔루션,KOSPI,20500,21900,20100,21600,3043896
20250319,307950,현대오토에버,KOSPI,132400,133300,132300,133000,23774
20250319,000880,한화,KOSPI,50000,50600,48050,48650,468512
20250319,035250,강원랜드,KOSPI,16930,17060,16910,16990,406380
20250319,005385,현대차우,KOSPI,149000,152000,148300,152000,50610
20250319,036570,엔씨소프트,KOSPI,162500,165300,162100,163600,46986
20250319,462870,시프트업,KOSPI,59100,60800,59000,60700,112956
20250319,138930,BNK금융지주,KOSPI,11000,11100,10930,11100,629087
20250319,251270,넷마블,KOSPI,40350,40750,40200,40350,96436
20250319,036460,한국가스공사,KOSPI,36550,37600,36000,37400,714589
20250319,078930,GS,KOSPI,37150,37300,36950,37150,184281
20250319,039490,키움증권,KOSPI,125300,136000,124400,133900,241845
20250319,302440,SK바이오사이언스,KOSPI,42950,43200,42550,43000,93499
20250319,175330,JB금융지주,KOSPI,17100,17420,16890,17260,284693
20250319,128940,한미약품,KOSPI,244500,249500,244500,246000,28663
20250319,011780,금호석유,KOSPI,112700,118000,112200,112800,169212
20250319,011170,롯데케미칼,KOSPI,68700,72800,68700,71000,302495
20250319,489790,한화비전,KOSPI,58300,59600,57700,58800,1603630
20250319,018880,한온시스템,KOSPI,4010,4075,4005,4050,687380
20250319,026960,동서,KOSPI,26550,26850,26300,26600,58740
20250319,031210,서울보증보험,KOSPI,32000,40500,31700,37400,12266032
20250319,066970,엘앤에프,KOSPI,73600,74900,71600,71600,401806
20250319,004370,농심,KOSPI,402000,431000,399500,422000,76199
20250319,383220,F&F,KOSPI,66600,68200,66400,66600,38672
20250319,007660,이수페타시스,KOSPI,40500,41350,39750,40200,878960
20250319,002380,KCC,KOSPI,278500,286500,278500,283000,28006
20250319,278470,에이피알,KOSPI,66500,67800,65400,66800,402305
20250319,004990,롯데지주,KOSPI,23250,23300,23100,23250,55662
20250319,018670,SK가스,KOSPI,257500,261500,256500,259000,9506
20250319,081660,휠라홀딩스,KOSPI,38800,39900,38750,39450,137280
20250319,052690,한전기술,KOSPI,62200,63100,61700,61900,90396
20250319,001440,대한전선,KOSPI,12700,12930,12610,12640,1232375
20250319,012750,에스원,KOSPI,61200,62400,60900,62000,24252
20250319,088350,한화생명,KOSPI,2675,2710,2665,2695,975503
20250319,111770,영원무역,KOSPI,50000,52200,49850,52000,97558
20250319,082740,한화엔진,KOSPI,26900,27150,25850,26300,3573040
20250319,017800,현대엘리베이,KOSPI,55300,56300,55300,55900,65422
20250319,139480,이마트,KOSPI,80300,81000,75000,78000,295394
20250319,020560,아시아나항공,KOSPI,10450,10520,10390,10390,78422
20250319,030000,제일기획,KOSPI,17860,18080,17810,18080,186187
20250319,001450,현대해상,KOSPI,23300,23550,23200,23250,172770
20250319,000990,DB하이텍,KOSPI,47000,48150,46550,46550,323555
20250319,192820,코스맥스,KOSPI,180700,183500,178700,179900,55865
20250319,000120,CJ대한통운,KOSPI,87900,90300,87600,88900,42373
20250319,008930,한미사이언스,KOSPI,28450,28800,28400,28600,68222
20250319,103140,풍산,KOSPI,64400,70800,64100,69400,1298591
20250319,204320,HL만도,KOSPI,41500,41825,40750,41300,136884
20250319,051600,한전KPS,KOSPI,43300,43550,42800,42850,76761
20250319,062040,산일전기,KOSPI,65500,66000,62400,62600,342470
20250319,028670,팬오션,KOSPI,3570,3605,3530,3540,1243215
20250319,282330,BGF리테일,KOSPI,105100,108400,105000,106600,40345
20250319,361610,SK아이이테크놀로지,KOSPI,25200,26350,25200,25750,82437
20250319,009420,한올바이오파마,KOSPI,34250,35500,33950,35100,379249
20250319,042670,HD현대인프라코어,KOSPI,9750,9770,9450,9500,2681782
20250319,023530,롯데쇼핑,KOSPI,64900,65100,63400,63800,52511
20250319,012510,더존비즈온,KOSPI,57500,58900,57300,57600,350514
20250319,457190,이수스페셜티케미컬,KOSPI,57400,58400,55900,57000,657451
20250319,005850,에스엘,KOSPI,35400,37050,34950,37000,202633
20250319,002790,아모레G,KOSPI,21550,21700,21400,21450,84840
20250319,375500,DL이앤씨,KOSPI,43950,45300,42450,42850,254884
20250319,007310,오뚜기,KOSPI,403000,418000,401000,409500,6802
20250319,112610,씨에스윈드,KOSPI,36850,38150,36750,38100,193036
20250319,014680,한솔케미칼,KOSPI,136300,144400,136100,141000,72607
20250319,006280,녹십자,KOSPI,135900,137900,134800,136200,43968
20250319,003690,코리안리,KOSPI,8150,8150,8060,8100,210589
20250319,005070,코스모신소재,KOSPI,48000,49600,47900,48500,352880
20250319,000240,한국앤컴퍼니,KOSPI,16170,16640,16170,16580,173177
20250319,161890,한국콜마,KOSPI,65600,66600,64800,65300,133544
20250319,008770,호텔신라,KOSPI,38650,39150,38600,38950,46326
20250319,006360,GS건설,KOSPI,17970,18240,17810,17820,246706
20250319,139130,DGB금융지주,KOSPI,9120,9150,9070,9100,321867
20250319,010060,OCI홀딩스,KOSPI,79500,81100,77700,80400,67500
20250319,006040,동원산업,KOSPI,36450,36950,36150,36650,16963
20250319,004170,신세계,KOSPI,148800,148900,146800,147400,20003
20250319,073240,금호타이어,KOSPI,4910,4950,4880,4950,191267
20250319,047040,대우건설,KOSPI,3505,3570,3360,3380,1443458
20250319,020150,롯데에너지머티리얼즈,KOSPI,26550,27525,26400,26500,110785
20250319,069620,대웅제약,KOSPI,120600,121700,118700,119200,36722
20250319,395400,SK리츠,KOSPI,5030,5060,4985,5020,232472
20250319,000080,하이트진로,KOSPI,19280,19460,19270,19430,94967
20250319,103590,일진전기,KOSPI,30250,30250,28450,28450,831950
20250319,009970,영원무역홀딩스,KOSPI,95700,99000,95200,97900,19580
20250319,294870,HDC현대산업개발,KOSPI,20600,21150,20200,20200,176811
20250319,011210,현대위아,KOSPI,47900,49500,47700,48600,232066
20250319,001720,신영증권,KOSPI,80900,81200,80000,80000,4546
20250319,267270,HD현대건설기계,KOSPI,74200,74200,71000,71600,190148
20250319,069960,현대백화점,KOSPI,57700,57800,55000,56300,177553
20250319,137310,에스디바이오센서,KOSPI,10020,10240,9960,10160,110632
20250319,007340,DN오토모티브,KOSPI,21800,21900,21300,21300,73600
20250319,007070,GS리테일,KOSPI,14610,14670,14560,14630,151612
20250319,003090,대웅,KOSPI,20150,20250,19900,20150,15130
20250319,003570,SNT다이내믹스,KOSPI,34950,36150,34750,34900,83081
20250319,300720,한일시멘트,KOSPI,16420,16910,16420,16740,89580
20250319,009450,경동나비엔,KOSPI,81400,81400,78200,78400,76529
20250319,185750,종근당,KOSPI,81000,82000,80800,81900,30002
20250319,280360,롯데웰푸드,KOSPI,118400,121400,117100,117800,28766
20250319,229640,LS에코에너지,KOSPI,35850,36200,35350,35800,86408
20250319,192080,더블유게임즈,KOSPI,49900,50700,49750,50300,26950
20250319,089860,롯데렌탈,KOSPI,29600,29750,29100,29350,53032
20250319,014820,동원시스템즈,KOSPI,36400,36900,36250,36700,22459
20250319,003030,세아제강지주,KOSPI,257500,261000,250000,256500,21241
20250319,365550,ESR켄달스퀘어리츠,KOSPI,4950,4990,4945,4970,198676
20250319,004000,롯데정밀화학,KOSPI,40650,41300,40400,40650,29502
20250319,336260,두산퓨얼셀,KOSPI,16010,16210,15910,16000,90861
20250319,330590,롯데리츠,KOSPI,3530,3550,3515,3550,196749
20250319,009240,한샘,KOSPI,43200,43800,43000,43400,22904
20250319,005300,롯데칠성,KOSPI,108000,109700,107800,109200,13052
20250319,298020,효성티앤씨,KOSPI,233000,240500,230500,234000,8324
20250319,001120,LX인터내셔널,KOSPI,26000,26050,25750,25850,95696
20250319,023590,다우기술,KOSPI,21850,22300,21825,22300,90351
20250319,001800,오리온홀딩스,KOSPI,15290,15860,15220,15780,446869
20250319,004490,세방전지,KOSPI,69700,70700,69500,70600,34421
20250319,071970,HD현대마린엔진,KOSPI,29500,30050,28850,29100,531634
20250319,001740,SK네트웍스,KOSPI,4400,4465,4375,4425,223888
20250319,034230,파라다이스,KOSPI,10580,10770,10520,10620,152296
20250319,108320,LX세미콘,KOSPI,57900,58800,57400,57600,34487
20250319,000815,삼성화재우,KOSPI,293000,294500,291000,293000,9036
20250319,415640,KB발해인프라,KOSPI,7470,7510,7430,7500,40372
20250319,005180,빙그레,KOSPI,92500,94200,91400,92500,52688
20250319,353200,대덕전자,KOSPI,17800,18630,17800,18300,354972
20250319,051915,LG화학우,KOSPI,113200,119100,112400,117200,93702
20250319,000670,영풍,KOSPI,495000,495000,483000,487000,3472
20250319,248070,솔루엠,KOSPI,17830,17940,17650,17810,74729
20250319,002840,미원상사,KOSPI,183400,186800,181900,184400,1652
20250319,003540,대신증권,KOSPI,17310,17400,17240,17250,136646
20250319,120110,코오롱인더,KOSPI,31700,32300,31500,31800,82452
20250319,001530,DI동일,KOSPI,45800,46100,45100,45100,40092
20250319,100090,SK오션플랜트,KOSPI,14450,14950,14450,14620,68391
20250319,039130,하나투어,KOSPI,54900,55200,53600,53900,78199
20250319,001680,대상,KOSPI,24400,25000,24350,24800,121508
20250319,012630,HDC,KOSPI,14250,14610,14200,14320,96319
20250319,000500,가온전선,KOSPI,52500,52800,51000,51300,53883
20250319,298050,HS효성첨단소재,KOSPI,184800,188900,184000,187500,8123
20250319,082640,동양생명,KOSPI,5080,5220,5070,5200,200387
20250319,005440,현대지에프홀딩스,KOSPI,5310,5320,5240,5300,83746
20250319,003240,태광산업,KOSPI,742000,749000,734000,741000,475
20250319,017960,한국카본,KOSPI,16190,16380,15800,15870,395885
20250319,003850,보령,KOSPI,9510,9590,9440,9480,63380
20250319,004800,효성,KOSPI,48400,48950,48350,48750,16093
20250319,079900,전진건설로봇,KOSPI,57700,57700,55100,55400,340070
20250319,079160,CJ CGV,KOSPI,4860,4895,4860,4875,101403
20250319,085620,미래에셋생명,KOSPI,4410,4500,4375,4455,52061
20250319,192400,쿠쿠홀딩스,KOSPI,22250,22300,21950,22000,7896
20250319,281820,케이씨텍,KOSPI,37400,38550,37300,37700,90762
20250319,484870,엠앤씨솔루션,KOSPI,87500,88000,84400,85200,95789
20250319,950210,프레스티지바이오파마,KOSPI,12630,12630,11600,12500,213369
20250319,006120,SK디스커버리,KOSPI,39250,40300,39250,39950,11970
20250319,003530,한화투자증권,KOSPI,3455,3500,3450,3495,509411
20250319,268280,미원에스씨,KOSPI,150100,150700,148600,149700,1433
20250319,214320,이노션,KOSPI,18570,18710,18570,18680,31202
20250319,000210,DL,KOSPI,35250,36700,34850,35650,64607
20250319,030610,교보증권,KOSPI,6570,6570,6500,6550,171485
20250319,003620,KG모빌리티,KOSPI,3680,3850,3670,3775,471871
20250319,285130,SK케미칼,KOSPI,42100,43250,42100,42950,21570
20250319,001570,금양,KOSPI,11810,12220,11430,11520,2172980
20250319,025540,한국단자,KOSPI,71400,71800,70600,70700,48353
20250319,293940,신한알파리츠,KOSPI,5940,6070,5920,6070,220501
20250319,009410,태영건설,KOSPI,2405,2530,2350,2495,594359
20250319,005420,코스모화학,KOSPI,18940,19220,18850,18970,84003
20250319,030190,NICE평가정보,KOSPI,12390,12390,12110,12230,52570
20250319,008730,율촌화학,KOSPI,28000,29350,28000,28800,121394
20250319,001430,세아베스틸지주,KOSPI,19800,20200,19630,19800,80861
20250319,002710,TCC스틸,KOSPI,26750,27500,26600,26600,133707
20250319,100840,SNT에너지,KOSPI,34050,34550,32450,33250,198407
20250319,145720,덴티움,KOSPI,62500,63000,62000,62100,10634
20250319,005690,파미셀,KOSPI,12230,12420,11290,11440,1985010
20250319,064960,SNT모티브,KOSPI,25550,26050,25250,25700,49206
20250319,451800,한화리츠,KOSPI,3680,3790,3680,3765,493126
20250319,066575,LG전자우,KOSPI,38900,39350,38900,39150,27444
20250319,016380,KG스틸,KOSPI,6650,6760,6620,6670,149132
20250319,005250,녹십자홀딩스,KOSPI,14200,14250,14060,14130,30018
20250319,114090,GKL,KOSPI,10650,10810,10640,10700,84227
20250319,069260,TKG휴켐스,KOSPI,15950,16210,15950,16190,62493
20250319,049770,동원F&B,KOSPI,33800,34550,33600,34000,46219
20250319,336370,솔루스첨단소재,KOSPI,9200,9390,9140,9280,79322
20250319,006650,대한유화,KOSPI,96600,102200,96400,98800,32809
20250319,381970,케이카,KOSPI,13050,13190,12990,13100,49914
20250319,017810,풀무원,KOSPI,17750,17960,16500,16500,288244
20250319,097230,HJ중공업,KOSPI,8090,8100,7450,7510,2789501
20250319,181710,NHN,KOSPI,18350,18500,18200,18470,43152
20250319,000640,동아쏘시오홀딩스,KOSPI,99500,99500,97400,98000,14476
20250319,006380,카프로,KOSPI,3660,3660,3660,3660,0
20250319,077970,STX엔진,KOSPI,27150,27350,26250,26600,392033
20250319,057050,현대홈쇼핑,KOSPI,49900,50400,49850,50200,10586
20250319,071320,지역난방공사,KOSPI,49550,51400,49000,51200,31915
20250319,000680,미래에셋증권2우B,KOSPI,4130,4170,4045,4105,458422
20250319,032350,롯데관광개발,KOSPI,7800,7840,7700,7710,286483
20250319,306200,세아제강,KOSPI,210500,211500,199200,206000,48171
20250319,000155,두산우,KOSPI,152900,152900,145600,145600,18433
20250319,093370,후성,KOSPI,5200,5380,5100,5360,1547851
20250319,089590,제주항공,KOSPI,7070,7130,7040,7050,89365
20250319,003470,유안타증권,KOSPI,2830,2855,2815,2820,241347
20250319,000400,롯데손해보험,KOSPI,1799,1815,1786,1808,86178
20250319,002030,아세아,KOSPI,264000,265500,261000,264000,1201
20250319,005880,대한해운,KOSPI,1696,1700,1680,1700,1376766
20250319,178920,PI첨단소재,KOSPI,17900,18650,17900,18560,119563
20250319,241590,화승엔터프라이즈,KOSPI,8890,8930,8450,8900,537335
20250319,456040,OCI,KOSPI,59300,60100,59300,59900,25827
20250319,002350,넥센타이어,KOSPI,5400,5490,5400,5460,104949
20250319,348950,제이알글로벌리츠,KOSPI,2665,2680,2640,2680,243032
20250319,036530,SNT홀딩스,KOSPI,32050,32450,31750,32300,41201
20250319,271940,일진하이솔루스,KOSPI,14320,14470,14310,14410,58113
20250319,090460,비에이치,KOSPI,14720,15090,14720,15000,132605
20250319,000070,삼양홀딩스,KOSPI,60100,60500,59900,60200,18375
20250319,010780,아이에스동서,KOSPI,17080,17300,16980,17070,61574
20250319,014830,유니드,KOSPI,77700,79800,75200,75900,72500
20250319,001060,JW중외제약,KOSPI,22100,22150,21850,21950,39463
20250319,344820,KCC글라스,KOSPI,32000,32300,31750,32000,22617
20250319,195870,해성디에스,KOSPI,28750,30200,28750,29950,91137
20250319,383800,LX홀딩스,KOSPI,6620,6680,6620,6630,58945
20250319,091810,티웨이항공,KOSPI,2350,2355,2320,2335,775516
20250319,377740,바이오노트,KOSPI,4900,4930,4860,4900,34054
20250319,272450,진에어,KOSPI,9650,9660,9530,9570,127113
20250319,403550,쏘카,KOSPI,15120,15200,15050,15070,11319
20250319,000370,한화손해보험,KOSPI,4220,4245,4190,4230,147329
20250319,016800,퍼시스,KOSPI,42100,42750,41850,42750,1020
20250319,475150,SK이터닉스,KOSPI,14700,14860,14550,14550,197643
20250319,192650,드림텍,KOSPI,7060,7140,7030,7120,120248
20250319,007700,F&F홀딩스,KOSPI,12490,12560,12350,12490,4762
20250319,105630,한세실업,KOSPI,12120,12290,12120,12210,70859
20250319,460860,동국제강,KOSPI,9720,9820,9630,9660,193001
20250319,002240,고려제강,KOSPI,17700,17800,17650,17660,8139
20250319,284740,쿠쿠홈시스,KOSPI,21500,21500,21100,21250,14894
20250319,145990,삼양사,KOSPI,45600,46350,45600,46100,16959
20250319,009900,명신산업,KOSPI,8900,9070,8900,9030,154061
20250319,453340,현대그린푸드,KOSPI,13700,14100,13700,14070,65145
20250319,005610,SPC삼립,KOSPI,52500,54200,52100,53500,26884
20250319,003920,남양유업,KOSPI,73700,73700,71200,71700,12639
20250319,017860,DS단석,KOSPI,25750,26100,25650,25750,137672
20250319,093050,LF,KOSPI,15400,15480,15330,15480,29331
20250319,092790,넥스틸,KOSPI,17930,18740,16760,17270,4544673
20250319,097520,엠씨넥스,KOSPI,24900,24950,24250,24600,61757
20250319,013890,지누스,KOSPI,18740,19950,18660,19780,166193
20250319,075580,세진중공업,KOSPI,7960,8050,7670,7720,835720
20250319,357120,코람코라이프인프라리츠,KOSPI,4425,4495,4415,4495,73815
20250319,003300,한일홀딩스,KOSPI,14080,14230,14020,14130,10075
20250319,006110,삼아알미늄,KOSPI,28950,30100,28950,29600,63335
20250319,003160,디아이,KOSPI,14050,15560,13750,15220,2594419
20250319,019170,신풍제약,KOSPI,8190,8230,8000,8120,147088
20250319,017940,E1,KOSPI,61700,63500,61500,62000,35322
20250319,034310,NICE,KOSPI,11350,11460,11300,11450,6735
20250319,084690,대상홀딩스,KOSPI,12190,12190,11550,11670,497520
20250319,170900,동아에스티,KOSPI,46350,46500,45750,45950,14402
20250319,003545,대신증권우,KOSPI,16140,16200,16140,16190,95030
20250319,475560,더본코리아,KOSPI,28500,28650,28300,28500,59348
20250319,448730,삼성FN리츠,KOSPI,4620,4625,4585,4605,63462
20250319,005810,풍산홀딩스,KOSPI,28350,29300,27850,28950,70301
20250319,002960,한국쉘석유,KOSPI,311000,312500,309500,310000,2254
20250319,003280,흥아해운,KOSPI,1678,1678,1638,1645,1453523
20250319,094800,맵스리얼티1,KOSPI,4290,4290,4220,4255,20509
20250319,432320,KB스타리츠,KOSPI,3830,3850,3795,3850,68618
20250319,183190,아세아시멘트,KOSPI,10200,10300,10170,10210,28103
20250319,499790,GS피앤엘,KOSPI,19380,19580,19100,19460,31690
20250319,029530,신도리코,KOSPI,38400,38400,37800,38000,4700
20250319,058650,세아홀딩스,KOSPI,95900,95900,94000,95000,415
20250319,002020,코오롱,KOSPI,27350,30550,25950,29900,714006
20250319,018250,애경산업,KOSPI,14270,14300,14160,14260,27793
20250319,084010,대한제강,KOSPI,15940,16120,15940,16040,26529
20250319,003960,사조대림,KOSPI,40250,41550,40000,40800,32333
20250319,034120,SBS,KOSPI,20500,20550,19950,20000,175684
20250319,031430,신세계인터내셔날,KOSPI,10350,10440,10280,10300,104939
20250319,003520,영진약품,KOSPI,1998,2010,1996,1997,49943
20250319,004690,삼천리,KOSPI,89800,90200,89400,89900,6062
20250319,090435,아모레퍼시픽우,KOSPI,34300,34600,34150,34450,12249
20250319,005389,현대차3우B,KOSPI,148900,151400,148600,151200,8498
20250319,126560,현대퓨처넷,KOSPI,3250,3285,3235,3260,101198
20250319,005010,휴스틸,KOSPI,6650,6790,6330,6390,5654326
20250319,001500,현대차증권,KOSPI,5800,5840,5780,5780,436251
20250319,200880,서연이화,KOSPI,12700,13450,12590,13180,383005
20250319,161000,애경케미칼,KOSPI,7220,7350,7220,7290,125066
20250319,093230,이아이디,KOSPI,1392,1392,1392,1392,0
20250319,020000,한섬,KOSPI,15690,15820,15650,15780,29432
20250319,060980,HL홀딩스,KOSPI,37200,37550,37150,37200,10340
20250319,004700,조광피혁,KOSPI,52100,52100,51500,51800,971
20250319,130660,한전산업,KOSPI,10650,10800,10520,10520,159162
20250319,071055,한국금융지주우,KOSPI,56300,57100,56300,57000,16596
20250319,005090,SGC에너지,KOSPI,23200,23250,22900,22950,22413
20250319,037270,YG PLUS,KOSPI,5100,5370,5070,5190,2461913
20250319,027410,BGF,KOSPI,3405,3435,3395,3435,103058
20250319,024720,콜마홀딩스,KOSPI,9550,9850,9130,9530,2498377
20250319,000680,LS네트웍스,KOSPI,4130,4170,4045,4105,458422
20250319,025860,남해화학,KOSPI,6360,6470,6360,6460,26357
20250319,002310,아세아제지,KOSPI,7250,7440,7230,7440,201522
20250319,011760,현대코퍼레이션,KOSPI,24200,24450,23700,23900,49967
20250319,003000,부광약품,KOSPI,4615,4745,4595,4615,99548
20250319,033270,유나이티드제약,KOSPI,19020,19370,19020,19300,16874
20250319,003220,대원제약,KOSPI,14080,14080,14000,14030,60675
20250319,249420,일동제약,KOSPI,11150,11240,11080,11200,44797
20250319,035150,백산,KOSPI,14600,14880,14600,14770,52344
20250319,005390,신성통상,KOSPI,2190,2190,2150,2180,81699
20250319,001340,백광산업,KOSPI,6910,6980,6770,6930,131207
20250319,000490,대동,KOSPI,12300,12380,12050,12080,275685
20250319,072710,농심홀딩스,KOSPI,65100,67300,65100,66500,9210
20250319,123890,한국자산신탁,KOSPI,2485,2495,2475,2480,119941
20250319,026890,스틱인베스트먼트,KOSPI,7140,7330,7130,7330,33016
20250319,286940,롯데이노베이트,KOSPI,19410,19720,19410,19650,15730
20250319,004430,송원산업,KOSPI,11910,12360,11880,12360,44377
20250319,033240,자화전자,KOSPI,13320,13470,13220,13370,46565
20250319,007810,코리아써키트,KOSPI,11620,12870,11620,12520,384305
20250319,104700,한국철강,KOSPI,8130,8280,8110,8110,25186
20250319,339770,교촌에프앤비,KOSPI,5940,5970,5850,5880,70185
20250319,126720,수산인더스트리,KOSPI,20500,20850,20400,20450,33803
20250319,009290,광동제약,KOSPI,5560,5580,5530,5570,26549
20250319,377190,디앤디플랫폼리츠,KOSPI,3275,3335,3250,3300,104156
20250319,002320,한진,KOSPI,19460,19630,19460,19510,8895
20250319,001820,삼화콘덴서,KOSPI,27850,28250,27750,28000,37262
20250319,322000,HD현대에너지솔루션,KOSPI,25500,25800,24700,25800,117254
20250319,900140,엘브이엠씨홀딩스,KOSPI,1662,1692,1651,1682,227707
20250319,058430,포스코스틸리온,KOSPI,46300,52600,45400,47300,1346545
20250319,006060,화승인더,KOSPI,5130,5150,5060,5100,51630
20250319,001940,KISCO홀딩스,KOSPI,19680,19840,19510,19800,7335
20250319,011500,한농화성,KOSPI,18030,18200,17810,17920,266513
20250319,006390,한일현대시멘트,KOSPI,14460,14580,14300,14470,15589
20250319,001270,부국증권,KOSPI,26800,26950,26750,26950,565
20250319,000520,삼일제약,KOSPI,12100,12900,12040,12880,267799
20250319,015360,예스코홀딩스,KOSPI,46700,47150,46350,46550,6403
20250319,007690,국도화학,KOSPI,30400,31200,30200,30400,5337
20250319,088260,이리츠코크렙,KOSPI,4270,4315,4255,4315,52488
20250319,108670,LX하우시스,KOSPI,30300,30550,30000,30150,23655
20250319,010690,화신,KOSPI,7440,7760,7420,7700,150806
20250319,012030,DB,KOSPI,1335,1355,1330,1332,179208
20250319,001390,KG케미칼,KOSPI,3825,3910,3825,3890,73222
20250319,016590,신대양제지,KOSPI,6460,6580,6450,6580,28433
20250319,011930,신성이엔지,KOSPI,1238,1279,1234,1277,956581
20250319,009160,SIMPAC,KOSPI,3980,4015,3975,4010,31711
20250319,051905,LG생활건강우,KOSPI,124900,124900,123800,124900,4538
20250319,122900,아이마켓코리아,KOSPI,7820,7910,7800,7820,33179
20250319,009680,모토닉,KOSPI,9340,9340,9140,9270,34387
20250319,001790,대한제당,KOSPI,2820,2850,2800,2840,479785
20250319,006220,제주은행,KOSPI,7890,7930,7860,7880,33979
20250319,034830,한국토지신탁,KOSPI,1001,1003,998,1002,132644
20250319,298690,에어부산,KOSPI,2180,2180,2150,2160,139027
20250319,001200,유진투자증권,KOSPI,2595,2605,2575,2600,233534
20250319,016610,DB금융투자,KOSPI,5940,5960,5880,5920,72245
20250319,029460,케이씨,KOSPI,19000,19130,18820,18960,4925
20250319,005945,NH투자증권우,KOSPI,13190,13310,13150,13260,131282
20250319,002810,삼영무역,KOSPI,13520,13530,13400,13530,19266
20250319,009470,삼화전기,KOSPI,37000,38800,37000,37700,77698
20250319,226320,잇츠한불,KOSPI,11120,11440,11120,11320,12804
20250319,000480,CR홀딩스,KOSPI,5280,5290,5240,5280,12530
20250319,005500,삼진제약,KOSPI,17930,18000,17700,17780,12248
20250319,017390,서울가스,KOSPI,49000,49150,48950,49050,2903
20250319,007460,에이프로젠,KOSPI,791,800,776,786,1679464
20250319,452260,한화갤러리아,KOSPI,1261,1268,1241,1263,343699
20250319,001230,동국홀딩스,KOSPI,7650,7720,7640,7680,17345
20250319,194370,제이에스코퍼레이션,KOSPI,17190,18000,16310,17850,238485
20250319,008060,대덕,KOSPI,7190,7210,7130,7150,75369
20250319,005720,넥센,KOSPI,4460,4590,4455,4515,47499
20250319,092230,KPX홀딩스,KOSPI,55900,56700,55800,56200,1139
20250319,037710,광주신세계,KOSPI,29600,29650,29450,29650,52161
20250319,004380,삼익THK,KOSPI,11200,11750,10960,11200,426143
20250319,138490,코오롱ENP,KOSPI,6120,6180,6050,6100,32038
20250319,334890,이지스밸류리츠,KOSPI,4435,4490,4435,4480,38300
20250319,004360,세방,KOSPI,11850,11900,11770,11800,21436
20250319,006340,대원전선,KOSPI,2995,3020,2995,3010,535906
20250319,000430,대원강업,KOSPI,3650,3670,3635,3640,38564
20250319,002150,도화엔지니어링,KOSPI,6740,6740,6640,6650,18188
20250319,096760,JW홀딩스,KOSPI,3065,3065,3010,3010,32377
20250319,003350,한국화장품제조,KOSPI,49500,49900,48650,49000,41523
20250319,001510,SK증권,KOSPI,471,471,466,468,296375
20250319,001780,알루코,KOSPI,2265,2300,2260,2280,415823
20250319,002900,TYM,KOSPI,4960,5000,4885,4885,199335
20250319,039570,HDC랩스,KOSPI,8470,8570,8400,8470,8562
20250319,102460,이연제약,KOSPI,11730,11850,11650,11770,32676
20250319,001130,대한제분,KOSPI,131400,131400,128900,129000,512
20250319,001630,종근당홀딩스,KOSPI,43200,44900,43150,43500,4339
20250319,272550,삼양패키징,KOSPI,14280,14280,14190,14210,6932
20250319,001250,GS글로벌,KOSPI,2730,2745,2595,2635,2321927
20250319,117580,대성에너지,KOSPI,7960,7980,7880,7890,21979
20250319,109070,주성코퍼레이션,KOSPI,4100,4100,4100,4100,0
20250319,214420,토니모리,KOSPI,8900,9270,8820,9000,1546645
20250319,053210,스카이라이프,KOSPI,4470,4545,4470,4545,21108
20250319,460850,동국씨엠,KOSPI,7090,7220,7090,7180,125071
20250319,000540,흥국화재,KOSPI,3300,3340,3290,3330,28245
20250319,016580,환인제약,KOSPI,11510,11550,11450,11500,11697
20250319,025000,KPX케미칼,KOSPI,43800,44200,43800,44050,2971
20250319,007570,일양약품,KOSPI,10890,11500,10850,11040,51307
20250319,018470,조일알미늄,KOSPI,1636,1644,1597,1643,345261
20250319,213500,한솔제지,KOSPI,8670,8680,8610,8670,48135
20250319,003120,일성아이에스,KOSPI,15300,15300,15250,15290,1076
20250319,480370,씨케이솔루션,KOSPI,18070,20200,17920,18410,7551109
20250319,044450,KSS해운,KOSPI,8640,8690,8570,8690,21811
20250319,417310,코람코더원리츠,KOSPI,4905,4950,4870,4950,51107
20250319,006405,삼성SDI우,KOSPI,124000,125600,123300,123600,11610
20250319,000140,하이트진로홀딩스,KOSPI,8590,8640,8550,8610,10041
20250319,005680,삼영전자,KOSPI,9940,10070,9900,9970,20160
20250319,007860,서연,KOSPI,7510,8990,7510,8490,2617651
20250319,004560,현대비앤지스틸,KOSPI,13170,13270,13060,13180,40755
20250319,033920,무학,KOSPI,6840,6970,6790,6850,43020
20250319,002630,오리엔트바이오,KOSPI,1831,1850,1634,1636,13962787
20250319,450140,코오롱모빌리티그룹,KOSPI,2720,3190,2675,3090,11308471
20250319,003580,HLB글로벌,KOSPI,4000,4000,3780,3830,312159
20250319,000320,노루홀딩스,KOSPI,14190,14260,13980,14260,13999
20250319,008970,동양철관,KOSPI,1190,1315,1130,1206,269841277
20250319,070960,모나용평,KOSPI,4030,4055,3890,3930,257771
20250319,102260,동성케미컬,KOSPI,3800,3830,3795,3805,51595
20250319,013360,일성건설,KOSPI,3830,3850,3485,3495,1871787
20250319,010820,퍼스텍,KOSPI,3880,3935,3805,3870,834910
20250319,293480,하나제약,KOSPI,10530,10620,10520,10600,23986
20250319,101530,해태제과식품,KOSPI,6320,6600,6280,6430,115627
20250319,003200,일신방직,KOSPI,8040,8140,8010,8100,10002
20250319,035510,신세계 I&C,KOSPI,12300,12380,12130,12130,129212
20250319,009580,무림P&P,KOSPI,2935,2960,2875,2960,145322
20250319,084680,이월드,KOSPI,1261,1297,1260,1297,286741
20250319,037560,LG헬로비전,KOSPI,2370,2380,2350,2370,45878
20250319,019680,대교,KOSPI,2130,2165,2130,2160,7174
20250319,078520,에이블씨엔씨,KOSPI,7040,7060,6990,7030,69468
20250319,053690,한미글로벌,KOSPI,16930,16980,16610,16630,78602
20250319,271980,제일약품,KOSPI,13570,13700,12210,12380,567227
20250319,097955,CJ제일제당 우,KOSPI,134500,137200,134400,136600,6391
20250319,015860,일진홀딩스,KOSPI,3645,3680,3645,3660,30125
20250319,000050,경방,KOSPI,6590,6590,6490,6580,5606
20250319,234080,JW생명과학,KOSPI,11550,11580,11200,11380,57481
20250319,008350,남선알미늄,KOSPI,1389,1398,1375,1393,339190
20250319,002100,경농,KOSPI,9160,9260,9160,9210,9331
20250319,009155,삼성전기우,KOSPI,60600,61800,60600,61500,5104
20250319,404990,신한서부티엔디리츠,KOSPI,3175,3215,3100,3185,139661
20250319,028100,동아지질,KOSPI,13350,13430,13190,13270,23813
20250319,004980,성신양회,KOSPI,7260,7290,7220,7230,17990
20250319,095720,웅진씽크빅,KOSPI,1535,1535,1520,1534,106440
20250319,071840,롯데하이마트,KOSPI,7470,7500,7420,7430,10131
20250319,003650,미창석유,KOSPI,99800,101700,99500,100700,1501
20250319,008490,서흥,KOSPI,15430,15700,15040,15050,33541
20250319,000390,삼화페인트,KOSPI,6500,6550,6400,6400,303492
20250319,030210,다올투자증권,KOSPI,2850,2870,2830,2855,21507
20250319,092200,디아이씨,KOSPI,4510,4535,4395,4470,261175
20250319,095570,AJ네트웍스,KOSPI,3820,3845,3765,3840,77775
20250319,003555,LG우,KOSPI,57200,57700,57200,57500,14893
20250319,134380,미원화학,KOSPI,78600,79500,78600,78900,219
20250319,000020,동화약품,KOSPI,6230,6240,6050,6170,36616
20250319,007160,사조산업,KOSPI,33850,34450,33800,34350,7763
20250319,462520,조선내화,KOSPI,14390,14500,14380,14400,1319
20250319,003070,코오롱글로벌,KOSPI,8960,8970,8840,8960,17252
20250319,107590,미원홀딩스,KOSPI,72700,73100,72600,73100,303
20250319,001460,BYC,KOSPI,27200,27450,27100,27150,157
20250319,025820,이구산업,KOSPI,5030,5150,4925,5070,2346524
20250319,100250,진양홀딩스,KOSPI,3025,3030,3015,3025,11336
20250319,210980,SK디앤디,KOSPI,8530,9100,8530,9080,328585
20250319,081000,일진다이아,KOSPI,11740,12080,11600,11840,14235
20250319,011000,진원생명과학,KOSPI,2085,2110,2070,2090,182040
20250319,006490,인스코비,KOSPI,1394,1409,1357,1401,381135
20250319,004090,한국석유,KOSPI,12980,13040,12860,12980,77031
20250319,016450,한세예스24홀딩스,KOSPI,4130,4130,4080,4110,37375
20250319,139990,아주스틸,KOSPI,4240,4250,4175,4205,8811
20250319,036420,콘텐트리중앙,KOSPI,8350,8490,8310,8420,16129
20250319,000300,DH오토넥스,KOSPI,1984,1984,1984,1984,0
20250319,005430,한국공항,KOSPI,50900,51100,50400,51000,8596
20250319,003060,에이프로젠바이오로직스,KOSPI,805,827,791,813,451679
20250319,092220,KEC,KOSPI,799,812,789,801,359477
20250319,001750,한양증권,KOSPI,12000,12500,11940,12500,58969
20250319,011785,금호석유우,KOSPI,51800,53100,51800,52400,4347
20250319,008110,대동전자,KOSPI,15040,15040,15040,15040,0
20250319,400760,NH올원리츠,KOSPI,3575,3590,3540,3590,34046
20250319,003547,대신증권2우B,KOSPI,15560,15580,15540,15580,59132
20250319,000860,강남제비스코,KOSPI,24200,24200,23850,23950,9835
20250319,090350,노루페인트,KOSPI,7720,7790,7700,7770,18342
20250319,007110,일신석재,KOSPI,2035,2055,1998,2005,1617154
20250319,003610,방림,KOSPI,3850,3890,3775,3860,156173
20250319,002390,한독,KOSPI,11300,11350,11240,11260,11416
20250319,006660,삼성공조,KOSPI,18520,20100,18040,18970,4357257
20250319,014160,대영포장,KOSPI,1446,1455,1403,1417,890503
20250319,010955,S-Oil우,KOSPI,38250,38350,38000,38100,2471
20250319,105840,우진,KOSPI,7420,7590,7420,7530,105712
20250319,350520,이지스레지던스리츠,KOSPI,4150,4150,4110,4130,23517
20250319,027970,한국제지,KOSPI,798,800,795,800,62581
20250319,001380,SG글로벌,KOSPI,3240,3525,3230,3370,3390921
20250319,083420,그린케미칼,KOSPI,6350,6390,6280,6300,128492
20250319,079430,현대리바트,KOSPI,7360,7360,7280,7340,11167
20250319,068290,삼성출판사,KOSPI,15000,15150,14980,14990,8857
20250319,008040,사조동아원,KOSPI,1033,1068,1023,1062,842219
20250319,001045,CJ우,KOSPI,66200,67500,64900,66000,6769
20250319,015230,대창단조,KOSPI,5250,5250,5160,5220,68065
20250319,003830,대한화섬,KOSPI,111500,112400,111100,112200,314
20250319,007210,벽산,KOSPI,2170,2210,2170,2205,131108
20250319,011280,태림포장,KOSPI,2095,2110,2050,2095,120537
20250319,012320,경동인베스트,KOSPI,63000,63300,62200,62600,8998
20250319,001360,삼성제약,KOSPI,1574,1590,1550,1568,219283
20250319,298000,효성화학,KOSPI,38900,38900,38900,38900,0
20250319,001520,동양,KOSPI,620,620,613,615,176593
20250319,128820,대성산업,KOSPI,3220,3260,3200,3240,135429
20250319,004250,NPC,KOSPI,3955,4010,3955,3985,14633
20250319,002170,삼양통상,KOSPI,47450,48750,47450,48200,7842
20250319,000970,한국주철관,KOSPI,6270,6330,6230,6310,31334
20250319,000700,유수홀딩스,KOSPI,5500,5510,5380,5460,11642
20250319,005950,이수화학,KOSPI,6200,6300,6150,6250,66123
20250319,214390,경보제약,KOSPI,5950,5970,5830,5900,20974
20250319,015890,태경산업,KOSPI,4760,4825,4750,4800,36237
20250319,003720,삼영,KOSPI,4130,4205,4075,4120,148719
20250319,010100,한국무브넥스,KOSPI,4610,4695,4530,4600,289533
20250319,006840,AK홀딩스,KOSPI,10610,10620,10540,10570,5450
20250319,004970,신라교역,KOSPI,8720,8750,8680,8720,4356
20250319,004080,신흥,KOSPI,14650,14670,14600,14670,148
20250319,004710,한솔테크닉스,KOSPI,4180,4355,4180,4310,94567
20250319,009270,신원,KOSPI,1361,1369,1336,1344,507046
20250319,094280,효성ITX,KOSPI,11820,11850,11810,11830,4825
20250319,006890,태경케미컬,KOSPI,11730,11800,11690,11780,16979
20250319,136490,선진,KOSPI,5740,5790,5730,5740,17457
20250319,077500,유니퀘스트,KOSPI,7000,7020,6280,6310,1110584
20250319,210540,디와이파워,KOSPI,12270,12400,12170,12220,39632
20250319,010580,에스엠벡셀,KOSPI,1216,1216,1192,1212,24982
20250319,012800,대창,KOSPI,1396,1465,1396,1458,2251321
20250319,000105,유한양행우,KOSPI,110000,112700,110000,112000,6781
20250319,024090,디씨엠,KOSPI,11490,11610,11470,11600,2872
20250319,003460,유화증권,KOSPI,2315,2325,2305,2315,10224
20250319,033180,KH 필룩스,KOSPI,6630,6630,6630,6630,0
20250319,487570,HS효성,KOSPI,34100,34500,33500,34100,16531
20250319,020120,키다리스튜디오,KOSPI,3395,3455,3390,3405,119288
20250319,011330,유니켐,KOSPI,1296,1306,1275,1296,26716
20250319,267850,아시아나IDT,KOSPI,11210,11350,11210,11320,2614
20250319,001020,페이퍼코리아,KOSPI,701,706,696,705,4557
20250319,317400,자이에스앤디,KOSPI,3175,3230,3175,3230,5804
20250319,011810,STX,KOSPI,4010,4055,3970,4035,78998
20250319,214330,금호에이치티,KOSPI,580,592,578,585,209717
20250319,002620,제일파마홀딩스,KOSPI,8200,8320,7820,7820,127700
20250319,005870,휴니드,KOSPI,8830,8950,8580,8820,328579
20250319,014580,태경비케이,KOSPI,4535,4565,4480,4510,45857
20250319,012610,경인양행,KOSPI,2900,3015,2890,2985,88940
20250319,120030,조선선재,KOSPI,98400,99300,98100,98100,1168
20250319,017550,수산중공업,KOSPI,1975,1982,1960,1966,83118
20250319,015590,KIB플러그에너지,KOSPI,515,515,515,515,0
20250319,031440,신세계푸드,KOSPI,31500,31650,31300,31500,4100
20250319,008700,아남전자,KOSPI,1593,1614,1560,1567,369229
20250319,000157,두산2우B,KOSPI,140000,140000,133500,135100,2212
20250319,248170,샘표식품,KOSPI,26200,26450,26100,26350,7613
20250319,007540,샘표,KOSPI,42050,42900,41700,41700,1477
20250319,033530,SJG세종,KOSPI,4315,4320,4275,4305,24452
20250319,023450,동남합성,KOSPI,34150,34250,33900,34050,808
20250319,014280,금강공업,KOSPI,4040,4060,4005,4060,44600
20250319,013580,계룡건설,KOSPI,13300,13410,13230,13320,11596
20250319,014530,극동유화,KOSPI,3340,3365,3330,3360,26285
20250319,089470,HDC현대EP,KOSPI,3640,3655,3630,3645,16881
20250319,012600,청호ICT,KOSPI,2490,2490,2490,2490,0
20250319,004830,덕성,KOSPI,7400,7530,7290,7330,382931
20250319,011150,CJ씨푸드,KOSPI,3135,3260,3125,3195,835581
20250319,019440,세아특수강,KOSPI,13300,13450,13170,13260,10796
20250319,058850,KTcs,KOSPI,2660,2680,2655,2660,139933
20250319,016710,대성홀딩스,KOSPI,7070,7070,7000,7040,4451
20250319,017370,우신시스템,KOSPI,6110,6170,6040,6150,34936
20250319,002780,진흥기업,KOSPI,783,789,770,774,270193
20250319,009070,KCTC,KOSPI,3765,3780,3740,3750,38841
20250319,063160,종근당바이오,KOSPI,20200,20350,20050,20350,8940
20250319,035000,HS애드,KOSPI,6700,6760,6690,6720,52363
20250319,002200,한국수출포장,KOSPI,2770,2770,2710,2750,46908
20250319,396690,미래에셋글로벌리츠,KOSPI,2760,2765,2740,2760,48319
20250319,004140,동방,KOSPI,2300,2320,2247,2275,306748
20250319,034590,인천도시가스,KOSPI,24600,24800,24600,24750,1175
20250319,013570,디와이,KOSPI,4035,4090,4010,4080,64388
20250319,002450,삼익악기,KOSPI,1195,1195,1165,1179,99190
20250319,003780,진양산업,KOSPI,8750,8770,8170,8170,218752
20250319,123690,한국화장품,KOSPI,6710,6710,6570,6610,60048
20250319,163560,동일고무벨트,KOSPI,7830,7870,7610,7640,69276
20250319,363280,티와이홀딩스,KOSPI,2100,2125,2080,2105,73652
20250319,007280,한국특강,KOSPI,1730,1777,1730,1743,70929
20250319,003480,한진중공업홀딩스,KOSPI,3555,3565,3480,3560,46920
20250319,004310,현대약품,KOSPI,3270,3295,3260,3285,56653
20250319,012690,모나리자,KOSPI,2880,2900,2840,2860,139227
20250319,001080,만호제강,KOSPI,24750,25950,24400,25050,3228
20250319,002700,신일전자,KOSPI,1458,1473,1454,1463,83736
20250319,267290,경동도시가스,KOSPI,17480,17580,17460,17570,3292
20250319,001470,삼부토건,KOSPI,454,464,435,444,10645912
20250319,004150,한솔홀딩스,KOSPI,2460,2495,2455,2475,42809
20250319,017900,광전자,KOSPI,1756,1775,1745,1750,53305
20250319,002210,동성제약,KOSPI,3850,3875,3815,3870,29214
20250319,264900,크라운제과,KOSPI,8060,8200,8000,8050,28805
20250319,008260,NI스틸,KOSPI,3530,3545,3500,3515,56957
20250319,004100,태양금속,KOSPI,2790,2835,2705,2730,427514
20250319,016740,두올,KOSPI,3230,3230,3170,3200,104229
20250319,002720,국제약품,KOSPI,4705,4720,4675,4700,59504
20250319,011700,한신기계,KOSPI,3035,3090,3035,3050,83233
20250319,002460,HS화성,KOSPI,9850,9880,9650,9740,11896
20250319,002600,조흥,KOSPI,163500,165200,163200,164500,15
20250319,004890,동일산업,KOSPI,40600,40700,40400,40400,1179
20250319,096775,SK이노베이션우,KOSPI,78500,79000,76100,77500,10564
20250319,010770,평화홀딩스,KOSPI,7200,7270,6490,6590,801045
20250319,069460,대호에이엘,KOSPI,1309,1435,1309,1418,2414993
20250319,044820,코스맥스비티아이,KOSPI,9970,10190,9960,10010,20977
20250319,111380,동인기연,KOSPI,15350,15640,15350,15600,7869
20250319,024900,덕양산업,KOSPI,2885,2945,2850,2915,114017
20250319,227840,현대코퍼레이션홀딩스,KOSPI,10450,10510,10430,10430,7365
20250319,023800,인지컨트롤스,KOSPI,5870,6000,5870,6000,20577
20250319,023000,삼원강재,KOSPI,2345,2370,2330,2350,8526
20250319,372910,한컴라이프케어,KOSPI,3370,3420,3350,3395,145096
20250319,002990,금호건설,KOSPI,2580,2590,2540,2540,20035
20250319,067830,세이브존I&C,KOSPI,2250,2295,2240,2275,37513
20250319,014440,영보화학,KOSPI,4695,4700,4595,4645,25745
20250319,005800,신영와코루,KOSPI,10300,10310,10190,10260,10198
20250319,016090,대현,KOSPI,2065,2120,2065,2085,56780
20250319,079980,휴비스,KOSPI,2650,2655,2610,2645,20615
20250319,010040,한국내화,KOSPI,2200,2230,2175,2215,20060
20250319,014710,사조씨푸드,KOSPI,5240,5400,5230,5270,71398
20250319,071090,하이스틸,KOSPI,4500,4780,4330,4465,5381893
20250319,244920,에이플러스에셋,KOSPI,4015,4015,3980,3985,39403
20250319,000180,성창기업지주,KOSPI,1287,1290,1277,1287,21151
20250319,058860,KTis,KOSPI,2580,2590,2565,2575,96074
20250319,001560,제일연마,KOSPI,9100,9100,8800,9020,7633
20250319,032560,황금에스티,KOSPI,5130,5170,5120,5140,11357
20250319,013520,화승코퍼레이션,KOSPI,1680,1748,1673,1737,90250
20250319,009200,무림페이퍼,KOSPI,2075,2090,2065,2075,50933
20250319,004540,깨끗한나라,KOSPI,2350,2385,2300,2305,187583
20250319,051630,진양화학,KOSPI,4400,4410,4045,4045,228593
20250319,014790,HL D&I,KOSPI,2205,2330,2205,2250,134738
20250319,006370,대구백화점,KOSPI,8220,8250,7870,7870,267233
20250319,047400,유니온머티리얼,KOSPI,2080,2095,2005,2020,306309
20250319,006880,신송홀딩스,KOSPI,6980,7290,6980,7150,134124
20250319,078000,텔코웨어,KOSPI,9260,9260,8930,9110,40450
20250319,338100,NH프라임리츠,KOSPI,4495,4500,4455,4500,15095
20250319,000590,CS홀딩스,KOSPI,71500,73000,71300,72400,537
20250319,004840,DRB동일,KOSPI,4180,4200,4120,4160,21526
20250319,004770,써니전자,KOSPI,2300,2320,2225,2250,491812
20250319,005960,동부건설,KOSPI,3615,3650,3570,3590,22154
20250319,007590,동방아그로,KOSPI,6050,6050,6040,6040,2041
20250319,011690,와이투솔루션,KOSPI,2260,2285,2215,2245,113864
20250319,093240,형지엘리트,KOSPI,2355,2380,2120,2155,1960385
20250319,018500,동원금속,KOSPI,1834,1834,1729,1743,1013903
20250319,000910,유니온,KOSPI,5250,5260,5160,5220,255498
20250319,005740,크라운해태홀딩스,KOSPI,5370,5500,5370,5460,26272
20250319,004870,티웨이홀딩스,KOSPI,714,725,706,712,377705
20250319,036580,팜스코,KOSPI,2155,2195,2142,2170,16686
20250319,006090,사조오양,KOSPI,8410,8510,8410,8440,6252
20250319,001260,남광토건,KOSPI,8270,8340,8060,8070,29533
20250319,021820,세원정공,KOSPI,7920,7920,7770,7880,4155
20250319,111110,호전실업,KOSPI,7940,8050,7810,8050,26087
20250319,010960,삼호개발,KOSPI,3075,3085,3070,3085,4374
20250319,000220,유유제약,KOSPI,4440,4535,4405,4485,39497
20250319,004910,조광페인트,KOSPI,5880,5940,5860,5940,13868
20250319,004720,팜젠사이언스,KOSPI,4115,4145,4075,4130,11302
20250319,003925,남양유업우,KOSPI,38050,38350,37200,37500,6036
20250319,011390,부산산업,KOSPI,73300,74400,70600,71000,10663
20250319,129260,인터지스,KOSPI,2495,2500,2465,2485,88878
20250319,031820,콤텍시스템,KOSPI,606,613,598,609,305317
20250319,013700,까뮤이앤씨,KOSPI,1218,1245,1218,1231,57195
20250319,013870,지엠비코리아,KOSPI,3830,3890,3830,3845,12197
20250319,000230,일동홀딩스,KOSPI,6200,6430,6170,6320,31426
20250319,004960,한신공영,KOSPI,6310,6320,6240,6290,2672
20250319,072130,유엔젤,KOSPI,5380,5530,5380,5510,246642
20250319,011300,성안머티리얼스,KOSPI,512,583,512,535,1917864
20250319,101140,인바이오젠,KOSPI,7060,7390,7000,7060,6653
20250319,102280,쌍방울,KOSPI,13450,13450,13450,13450,0
20250319,007980,TP,KOSPI,1367,1372,1350,1366,98698
20250319,092440,기신정기,KOSPI,2350,2380,2350,2370,16173
20250319,002140,고려산업,KOSPI,2790,2815,2755,2770,176868
20250319,025750,한솔홈데코,KOSPI,875,877,845,852,501383
20250319,016880,웅진,KOSPI,856,868,855,858,45057
20250319,015020,이스타코,KOSPI,1740,1742,1572,1599,1737103
20250319,085310,엔케이,KOSPI,890,900,857,865,527964
20250319,010660,화천기계,KOSPI,3145,3160,3055,3070,161355
20250319,055490,테이팩스,KOSPI,13880,14160,13860,14160,9726
20250319,481850,신한글로벌액티브리츠,KOSPI,1571,1571,1535,1552,60468
20250319,006805,미래에셋증권우,KOSPI,4795,4825,4775,4785,17531
20250319,091090,세원이앤씨,KOSPI,1270,1270,1270,1270,0
20250319,005750,대림B&Co,KOSPI,3990,4015,3940,3990,22297
20250319,357250,미래에셋맵스리츠,KOSPI,2630,2645,2620,2645,26065
20250319,009770,삼정펄프,KOSPI,26050,26800,26050,26400,5707
20250319,004450,삼화왕관,KOSPI,30850,31200,30550,30600,1428
20250319,001275,부국증권우,KOSPI,21850,21900,21850,21900,713
20250319,078935,GS우,KOSPI,36300,36550,36300,36500,3346
20250319,003010,혜인,KOSPI,5160,5200,5110,5120,39524
20250319,009180,한솔로지스틱스,KOSPI,2305,2320,2295,2310,58607
20250319,002760,보락,KOSPI,1085,1094,1077,1081,170789
20250319,003560,IHQ,KOSPI,10760,10760,10760,10760,0
20250319,004060,SG세계물산,KOSPI,318,320,316,319,208904
20250319,075180,새론오토모티브,KOSPI,3405,3480,3350,3355,27063
20250319,011230,삼화전자,KOSPI,3400,3890,3365,3795,593764
20250319,090080,평화산업,KOSPI,1210,1229,1150,1159,721281
20250319,041650,상신브레이크,KOSPI,2935,2950,2925,2950,15034
20250319,155660,DSR,KOSPI,3885,3900,3850,3900,5436
20250319,017040,광명전기,KOSPI,1420,1561,1406,1439,888229
20250319,100220,비상교육,KOSPI,4835,4875,4735,4745,15339
20250319,000890,보해양조,KOSPI,443,445,439,443,138157
20250319,000850,화천기공,KOSPI,28050,28250,27900,28000,2489
20250319,021050,서원,KOSPI,1255,1297,1255,1297,367395
20250319,010640,진양폴리,KOSPI,6410,6500,6010,6120,92414
20250319,378850,화승알앤에이,KOSPI,3140,3190,3110,3185,51101
20250319,092780,동양피스톤,KOSPI,4510,4625,4510,4565,1554
20250319,465770,STX그린로지스,KOSPI,8300,8380,8210,8250,31518
20250319,002795,아모레G우,KOSPI,9110,9140,9060,9140,4829
20250319,009190,대양금속,KOSPI,1378,1381,1306,1380,183296
20250319,023350,한국종합기술,KOSPI,5530,5530,5320,5320,47416
20250319,023810,인팩,KOSPI,5740,5740,5670,5720,5024
20250319,074610,이엔플러스,KOSPI,781,789,762,773,209489
20250319,008870,금비,KOSPI,56500,56500,56000,56400,239
20250319,002410,범양건영,KOSPI,2215,2220,2040,2045,1438500
20250319,000650,천일고속,KOSPI,38750,39200,38600,39200,198
20250319,006740,영풍제지,KOSPI,999,1001,991,1000,77278
20250319,027740,마니커,KOSPI,888,888,880,880,64661
20250319,008250,이건산업,KOSPI,5180,5180,5030,5070,25393
20250319,011420,갤럭시아에스엠,KOSPI,2010,2030,2005,2010,144861
20250319,019180,티에이치엔,KOSPI,3040,3075,3040,3075,61872
20250319,118000,메타케어,KOSPI,358,378,325,335,8271817
20250319,017180,명문제약,KOSPI,1621,1626,1611,1622,25451
20250319,058730,다스코,KOSPI,3010,3010,2915,2925,142702
20250319,001550,조비,KOSPI,10420,10480,10370,10450,2861
20250319,001620,케이비아이동국실업,KOSPI,494,494,484,487,27032
20250319,014990,인디에프,KOSPI,703,758,703,721,183977
20250319,120115,코오롱인더우,KOSPI,19540,19770,19500,19560,1758
20250319,007610,선도전기,KOSPI,3000,3000,3000,3000,0
20250319,008420,문배철강,KOSPI,2670,2690,2610,2630,222105
20250319,019490,엑시큐어하이트론,KOSPI,709,728,694,697,857934
20250319,004440,삼일씨엔에스,KOSPI,4180,4275,4125,4165,36159
20250319,004410,서울식품,KOSPI,141,141,140,141,706153
20250319,002360,SH에너지화학,KOSPI,476,479,470,473,184408
20250319,069730,DSR제강,KOSPI,3535,3615,3535,3610,15860
20250319,000725,현대건설우,KOSPI,48500,49500,48500,49150,970
20250319,004920,씨아이테크,KOSPI,1017,1045,999,1035,83204
20250319,005305,롯데칠성우,KOSPI,66300,66600,65100,65900,3013
20250319,009320,아진전자부품,KOSPI,1034,1039,1020,1031,24327
20250319,002220,한일철강,KOSPI,1904,1914,1883,1890,1878
20250319,026940,부국철강,KOSPI,2505,2535,2500,2510,64997
20250319,010600,웰바이오텍,KOSPI,545,545,545,545,0
20250319,002870,신풍,KOSPI,1263,1577,1253,1413,8660340
20250319,009835,한화솔루션우,KOSPI,18370,19450,18100,19100,19721
20250319,003080,성보화학,KOSPI,2445,2450,2435,2445,497
20250319,134790,시디즈,KOSPI,25050,25100,24200,24400,3484
20250319,025560,미래산업,KOSPI,789,809,789,808,471458
20250319,002920,유성기업,KOSPI,1871,1871,1834,1834,26346
20250319,308170,씨티알모빌리티,KOSPI,5640,5640,5510,5520,2742
20250319,145270,케이탑리츠,KOSPI,988,994,982,984,24968
20250319,008600,윌비스,KOSPI,696,737,674,697,284369
20250319,025530,SJM홀딩스,KOSPI,3115,3135,3100,3120,1710
20250319,123700,SJM,KOSPI,2960,2990,2950,2985,12119
20250319,009810,플레이그램,KOSPI,304,306,298,306,197424
20250319,006125,SK디스커버리우,KOSPI,33800,34100,33350,33950,2276
20250319,357430,마스턴프리미어리츠,KOSPI,1503,1504,1495,1503,14935
20250319,001290,상상인증권,KOSPI,419,430,419,423,214857
20250319,023960,에쓰씨엔지니어링,KOSPI,1368,1444,1289,1295,676196
20250319,006980,우성,KOSPI,14550,14655,14540,14540,399
20250319,446070,유니드비티플러스,KOSPI,4055,4100,4005,4065,19109
20250319,012280,영화금속,KOSPI,829,839,818,827,71999
20250319,002880,대유에이텍,KOSPI,950,959,890,910,90060
20250319,020760,일진디스플,KOSPI,824,842,815,815,40802
20250319,009460,한창제지,KOSPI,711,711,690,695,45750
20250319,014130,한익스프레스,KOSPI,3410,3430,3370,3405,7653
20250319,003465,유화증권우,KOSPI,2320,2335,2320,2335,1012
20250319,143210,핸즈코퍼레이션,KOSPI,1871,1880,1855,1863,937
20250319,012200,계양전기,KOSPI,1495,1508,1487,1496,14369
20250319,012160,영흥,KOSPI,404,404,398,399,13858
20250319,001210,금호전기,KOSPI,693,721,690,700,96640
20250319,004270,남성,KOSPI,1083,1110,1074,1110,42033
20250319,049800,우진플라임,KOSPI,2030,2045,2000,2000,8337
20250319,003475,유안타증권우,KOSPI,3050,3095,3030,3070,50627
20250319,024890,대원화성,KOSPI,958,959,953,956,11272
20250319,005030,부산주공,KOSPI,486,486,486,486,0
20250319,145210,다이나믹디자인,KOSPI,941,1190,941,1103,2989722
20250319,005360,모나미,KOSPI,2005,2015,2000,2005,27743
20250319,023150,MH에탄올,KOSPI,5030,5080,5030,5060,4257
20250319,006570,대림통상,KOSPI,2470,2490,2425,2440,5954
20250319,033250,체시스,KOSPI,1174,1190,1141,1149,395639
20250319,013000,세우글로벌,KOSPI,1246,1246,1230,1238,33598
20250319,090370,메타랩스,KOSPI,1388,1450,1374,1426,62143
20250319,069640,한세엠케이,KOSPI,1160,1185,1152,1170,4011
20250319,002820,SUN&L,KOSPI,2885,2885,2730,2735,22689
20250319,001140,국보,KOSPI,2110,2110,2110,2110,0
20250319,000215,DL우,KOSPI,19360,19790,19200,19470,151
20250319,006200,한국전자홀딩스,KOSPI,704,711,694,700,29263
20250319,071950,코아스,KOSPI,9950,9950,9780,9880,10155
20250319,000950,전방,KOSPI,19480,19480,19230,19250,154
20250319,005820,원림,KOSPI,13840,14040,13820,14040,1326
20250319,011090,에넥스,KOSPI,516,520,505,513,74127
20250319,133820,화인베스틸,KOSPI,1053,1053,988,998,252313
20250319,003680,한성기업,KOSPI,4800,4900,4795,4870,19182
20250319,005320,온타이드,KOSPI,440,446,436,439,40429
20250319,024070,WISCOM,KOSPI,1900,1947,1891,1926,13983
20250319,009140,경인전자,KOSPI,18930,18930,18530,18770,796
20250319,119650,KC코트렐,KOSPI,452,461,446,459,66269
20250319,000760,이화산업,KOSPI,10540,10790,10350,10500,4207
20250319,003535,한화투자증권우,KOSPI,6030,6030,5910,6000,1646
20250319,004365,세방우,KOSPI,7720,7720,7670,7700,224
20250319,002420,세기상사,KOSPI,5040,5110,5030,5080,792
20250319,001070,대한방직,KOSPI,5250,5280,5200,5280,2669
20250319,019175,신풍제약우,KOSPI,12450,12450,12380,12410,1554
20250319,001465,BYC우,KOSPI,12540,12620,12450,12620,1376
20250319,012170,아센디오,KOSPI,2600,2960,2365,2590,1377046
20250319,009310,참엔지니어링,KOSPI,310,310,298,308,479509
20250319,001420,태원물산,KOSPI,3390,3445,3350,3350,2584
20250319,014910,성문전자,KOSPI,1127,1140,1122,1127,8993
20250319,019685,대교우B,KOSPI,1300,1307,1275,1285,12302
20250319,002690,동일제강,KOSPI,1250,1250,1221,1227,15984
20250319,003495,대한항공우,KOSPI,21950,22550,21800,22200,4958
20250319,002070,비비안,KOSPI,787,794,782,788,113174
20250319,001685,대상우,KOSPI,17630,17850,17530,17770,11706
20250319,008775,호텔신라우,KOSPI,32750,33000,32150,32350,1698
20250319,084870,TBH글로벌,KOSPI,1139,1149,1115,1143,41744
20250319,010420,한솔PNS,KOSPI,1189,1249,1161,1163,71150
20250319,005110,한창,KOSPI,1254,1254,1254,1254,0
20250319,030720,동원수산,KOSPI,4975,5050,4970,4995,2239
20250319,000040,KR모터스,KOSPI,386,391,383,385,155731
20250319,007120,미래아이앤지,KOSPI,795,808,786,791,114662
20250319,088790,진도,KOSPI,1820,1828,1811,1818,6684
20250319,044380,주연테크,KOSPI,333,333,329,331,88320
20250319,015260,에이엔피,KOSPI,480,488,476,484,68957
20250319,010400,우진아이엔에스,KOSPI,2815,3000,2815,2855,25513
20250319,084670,동양고속,KOSPI,7170,7210,7130,7150,571
20250319,084695,대상홀딩스우,KOSPI,24200,24200,22500,22500,24298
20250319,152550,한국ANKOR유전,KOSPI,287,287,285,286,611204
20250319,025890,한국주강,KOSPI,1761,1763,1746,1758,7197
20250319,108675,LX하우시스우,KOSPI,18080,18190,18040,18130,415
20250319,002355,넥센타이어1우B,KOSPI,2825,2825,2790,2825,7228
20250319,005257,녹십자홀딩스2우,KOSPI,21750,21750,21700,21700,123
20250319,000075,삼양홀딩스우,KOSPI,59200,59200,59000,59100,1350
20250319,001770,SHD,KOSPI,14990,14990,14790,14790,1580
20250319,002025,코오롱우,KOSPI,16080,16750,15750,16630,28920
20250319,009440,KC그린홀딩스,KOSPI,738,757,738,756,24106
20250319,007815,코리아써우,KOSPI,5840,6130,5710,5890,3348
20250319,000087,하이트진로2우B,KOSPI,15210,15240,15100,15220,318
20250319,204210,스타에스엠리츠,KOSPI,2035,2035,2035,2035,0
20250319,025620,제이준코스메틱,KOSPI,3560,3570,3415,3455,20691
20250319,004835,덕성우,KOSPI,11380,11380,11030,11030,15374
20250319,001795,대한제당우,KOSPI,2290,2310,2270,2305,8522
20250319,004105,태양금속우,KOSPI,4560,4560,4430,4430,15020
20250319,140910,에이리츠,KOSPI,3130,3130,3130,3130,0
20250319,008500,일정실업,KOSPI,10940,10940,10830,10830,633
20250319,001067,JW중외제약2우B,KOSPI,60800,60800,60800,60800,0
20250319,004255,NPC우,KOSPI,2375,2385,2365,2385,2547
20250319,003075,코오롱글로벌우,KOSPI,15450,15670,15350,15670,831
20250319,005725,넥센우,KOSPI,3140,3195,3080,3180,1489
20250319,145995,삼양사우,KOSPI,29950,29950,29500,29650,310
20250319,000225,유유제약1우,KOSPI,4790,4790,4717,4745,6442
20250319,006345,대원전선우,KOSPI,4055,4090,3930,4015,19509
20250319,001065,JW중외제약우,KOSPI,28050,28250,28050,28250,105
20250319,168490,한국패러랠,KOSPI,103,104,103,103,1001549
20250319,004985,성신양회우,KOSPI,10920,11150,10720,11150,871
20250319,000885,한화우,KOSPI,42000,42000,40600,40700,421
20250319,000325,노루홀딩스우,KOSPI,28700,28700,28150,28700,163
20250319,001755,한양증권우,KOSPI,12540,12840,12450,12800,3279
20250319,001515,SK증권우,KOSPI,1721,1721,1700,1714,6197
20250319,090355,노루페인트우,KOSPI,12800,12800,12610,12790,178
20250319,007575,일양약품우,KOSPI,11880,11910,11880,11900,141
20250319,000145,하이트진로홀딩스우,KOSPI,10070,10170,10070,10170,207
20250319,014825,동원시스템즈우,KOSPI,17840,17840,17810,17810,1054
20250319,005745,크라운해태홀딩스우,KOSPI,7600,7670,7600,7670,1260
20250319,008355,남선알미우,KOSPI,14320,14550,14320,14500,732
20250319,004545,깨끗한나라우,KOSPI,11980,11980,11900,11900,1677
20250319,005965,동부건설우,KOSPI,18610,18840,18430,18720,141
20250319,012205,계양전기우,KOSPI,3370,3410,3335,3400,1590
20250319,000545,흥국화재우,KOSPI,5170,5170,5060,5070,6313
20250319,014285,금강공업우,KOSPI,6310,6400,6230,6390,156
20250319,002995,금호건설우,KOSPI,12430,12590,12430,12530,835
20250319,009415,태영건설우,KOSPI,5140,5450,5140,5450,7924
20250319,011155,CJ씨푸드1우,KOSPI,16200,16200,16000,16180,103
20250319,000227,유유제약2우B,KOSPI,9520,9520,9460,9480,459
20250319,014915,성문전자우,KOSPI,4865,4865,4840,4840,109
20250319,002787,진흥기업2우B,KOSPI,9710,9710,9500,9630,169
20250319,002785,진흥기업우B,KOSPI,3200,3200,3145,3145,592
20250319,004415,서울식품우,KOSPI,1195,1210,1195,1206,763
20250319,001527,동양2우B,KOSPI,8250,8450,8220,8450,132
20250319,001525,동양우,KOSPI,4115,4115,4055,4075,247
